Date,Barnstable,Berkshire,Bristol,Dukes,Essex,Franklin,Hampden,Hampshire,Middlesex,Nantucket,Norfolk,Plymouth,Suffolk,Worcester,Unknown (Daily),Total,Probable,,,,
2020-01-31,0,0,0,0,0,0,0,0,0,0,0,0,0,0,0,0,0,,,,
2020-02-01,0,0,0,0,0,0,0,0,0,0,0,0,1,0,0,1,0,,,,
2020-02-02,0,0,0,0,0,0,0,0,0,0,0,0,1,0,0,1,0,,,,
2020-02-03,0,0,0,0,0,0,0,0,0,0,0,0,1,0,0,1,0,,,,
2020-02-04,0,0,0,0,0,0,0,0,0,0,0,0,1,0,0,1,0,,,,
2020-02-05,0,0,0,0,0,0,0,0,0,0,0,0,1,0,0,1,0,,,,
2020-02-06,0,0,0,0,0,0,0,0,0,0,0,0,1,0,0,1,0,,,,
2020-02-07,0,0,0,0,0,0,0,0,0,0,0,0,1,0,0,1,0,,,,
2020-02-08,0,0,0,0,0,0,0,0,0,0,0,0,1,0,0,1,0,,,,
2020-02-09,0,0,0,0,0,0,0,0,0,0,0,0,1,0,0,1,0,,,,
2020-02-10,0,0,0,0,0,0,0,0,0,0,0,0,1,0,0,1,0,,,,
2020-02-11,0,0,0,0,0,0,0,0,0,0,0,0,1,0,0,1,0,,,,
2020-02-12,0,0,0,0,0,0,0,0,0,0,0,0,1,0,0,1,0,,,,
2020-02-13,0,0,0,0,0,0,0,0,0,0,0,0,1,0,0,1,0,,,,
2020-02-14,0,0,0,0,0,0,0,0,0,0,0,0,1,0,0,1,0,,,,
2020-02-15,0,0,0,0,0,0,0,0,0,0,0,0,1,0,0,1,0,,,,
2020-02-16,0,0,0,0,0,0,0,0,0,0,0,0,1,0,0,1,0,,,,
2020-02-17,0,0,0,0,0,0,0,0,0,0,0,0,1,0,0,1,0,,,,
2020-02-18,0,0,0,0,0,0,0,0,0,0,0,0,1,0,0,1,0,,,,
2020-02-19,0,0,0,0,0,0,0,0,0,0,0,0,1,0,0,1,0,,,,
2020-02-20,0,0,0,0,0,0,0,0,0,0,0,0,1,0,0,1,0,,,,
2020-02-21,0,0,0,0,0,0,0,0,0,0,0,0,1,0,0,1,0,,,,
2020-02-22,0,0,0,0,0,0,0,0,0,0,0,0,1,0,0,1,0,,,,
2020-02-23,0,0,0,0,0,0,0,0,0,0,0,0,1,0,0,1,0,,,,
2020-02-24,0,0,0,0,0,0,0,0,0,0,0,0,1,0,0,1,0,,,,
2020-02-25,0,0,0,0,0,0,0,0,0,0,0,0,1,0,0,1,0,,,,
2020-02-26,0,0,0,0,0,0,0,0,0,0,0,0,1,0,0,1,0,,,,
2020-02-27,0,0,0,0,0,0,0,0,0,0,0,0,1,0,0,1,0,,,,
2020-02-28,0,0,0,0,0,0,0,0,0,0,0,0,1,0,0,1,0,,,,
2020-02-29,0,0,0,0,0,0,0,0,0,0,0,0,1,0,0,1,0,,,,
2020-03-01,0,0,0,0,0,0,0,0,0,0,0,0,1,0,0,1,0,,,,
2020-03-02,0,0,0,0,0,0,0,0,0,0,1,0,1,0,0,2,0,,,,
2020-03-03,0,0,0,0,0,0,0,0,0,0,1,0,1,0,0,2,0,,,,
2020-03-04,0,0,0,0,0,0,0,0,0,0,1,0,1,0,0,2,0,,,,
2020-03-05,0,0,0,0,0,0,0,0,1,0,1,0,1,0,0,3,0,,,,
2020-03-06,0,0,0,0,0,0,0,0,1,0,3,0,4,0,0,8,0,,,,
2020-03-07,0,1,0,0,0,0,0,0,5,0,3,0,4,0,0,13,0,,,,
2020-03-08,0,1,0,0,0,0,0,0,10,0,7,0,9,0,0,27,0,,,,
2020-03-09,0,5,0,0,0,0,0,0,15,0,10,0,10,1,0,41,0,,,,
2020-03-10,0,7,0,0,1,0,0,0,41,0,22,0,20,1,0,92,0,,,,
2020-03-11,0,7,0,0,1,0,0,0,44,0,23,0,19,1,0,95,0,,,,
2020-03-12,0,9,0,0,2,0,0,0,49,0,24,0,22,1,1,108,0,,,,
2020-03-13,0,9,0,0,2,0,0,0,60,0,24,0,26,2,0,123,0,,,,
2020-03-14,1,9,1,0,5,0,0,0,65,0,28,0,27,2,0,138,0,,,,
2020-03-15,1,9,1,0,6,0,1,0,75,0,31,1,31,6,2,164,0,,,,
2020-03-16,1,11,2,0,8,0,1,0,83,0,36,3,36,6,10,197,0,,,,
2020-03-17,2,14,5,0,8,0,1,0,89,0,43,5,42,8,1,218,0,,,,
2020-03-18,2,17,5,0,14,1,2,0,100,0,45,5,51,10,4,256,0,,,,
2020-03-19,5,18,6,0,19,1,3,1,119,0,52,5,72,14,13,328,0,,,,
2020-03-20,9,20,6,0,29,1,3,2,144,0,64,11,86,19,19,413,0,,,,
2020-03-21,11,21,14,1,41,2,9,2,177,0,69,20,108,24,26,525,0,,,,
2020-03-22,24,23,24,1,60,2,12,4,199,0,75,25,126,37,34,646,0,,,,
2020-03-23,30,26,25,1,73,2,15,6,232,0,82,32,154,42,57,777,1,,,,
2020-03-24,40,37,31,2,118,5,24,8,304,0,129,64,234,73,90,1159,2,,,,
2020-03-25,51,71,67,2,177,14,45,11,446,1,222,101,342,129,159,1838,2,,,,
2020-03-26,67,73,90,3,247,16,55,17,538,1,292,138,448,166,267,2418,3,,,,
2020-03-27,100,105,129,3,350,24,90,20,685,2,393,187,631,219,303,3241,3,,,,
2020-03-28,133,119,179,3,472,39,183,30,842,4,490,272,843,291,356,4256,3,,,,
2020-03-29,148,151,208,4,570,41,201,37,981,5,548,325,940,337,460,4956,4,,,,
2020-03-30,173,162,263,4,653,49,255,46,1141,5,628,380,1115,390,489,5753,4,,,,
2020-03-31,191,171,306,5,784,61,354,69,1340,5,738,459,1373,433,333,6622,4,,,,
2020-04-01,255,183,366,5,885,72,475,81,1582,6,829,561,1624,563,251,7738,4,,,,
2020-04-02,283,213,424,5,1039,85,546,102,1870,7,938,621,1896,667,270,8966,6,,,,
2020-04-03,314,240,517,7,1238,89,661,114,2202,9,1045,745,2183,825,213,10402,7,,,,
2020-04-04,330,253,601,7,1400,95,733,125,2468,9,1199,898,2429,915,274,11736,10,,,,
2020-04-05,347,258,659,8,1506,100,768,128,2632,9,1271,963,2658,978,215,12500,11,,,,
2020-04-06,383,268,722,8,1653,107,889,147,2950,9,1382,1067,2929,1077,246,13837,12,,,,
2020-04-07,405,278,768,9,1841,118,997,158,3187,9,1592,1194,3245,1172,229,15202,12,,,,
2020-04-08,423,281,835,8,2103,117,1081,164,3545,9,1778,1327,3600,1296,223,16790,20,,,,
2020-04-09,444,304,994,9,2336,128,1276,177,4045,9,2007,1507,4041,1461,203,18941,23,,,,
2020-04-10,464,329,1086,12,2670,135,1394,194,4447,9,2216,1677,4534,1678,129,20974,27,,,,
2020-04-11,480,336,1191,12,2896,138,1545,204,4872,9,2395,1809,4926,1822,225,22860,30,,,,
2020-04-12,501,350,1327,12,3170,143,1647,219,5660,9,2649,2024,5359,2032,373,25475,36,,,,
2020-04-13,502,355,1394,12,3413,148,1694,224,5983,9,2838,2141,5579,2128,447,26867,45,,,,
2020-04-14,514,360,1435,11,3594,155,1798,233,6254,9,2969,2207,5872,2246,506,28163,53,,,,
2020-04-15,530,370,1508,11,3894,160,1885,239,6681,9,3122,2308,6279,2350,572,29918,58,,,,
2020-04-16,550,382,1605,12,4245,170,1985,248,7206,9,3342,2466,6820,2503,638,32181,63,,,,
2020-04-17,573,383,1659,12,4584,173,2134,258,7744,9,3499,2577,7272,2765,760,35225,70,,,,
2020-04-18,590,385,1698,14,4914,177,2254,306,8297,9,3659,2688,7696,2952,733,37627,74,,,,
2020-04-19,632,387,1731,14,5153,181,2337,317,8737,9,3789,2832,8074,3069,815,39920,78,,,,
2020-04-20,664,387,1779,14,5296,187,2438,332,9253,9,3960,2976,8314,3179,855,41516,87,,,,
2020-04-21,672,404,1852,14,5521,192,2533,337,9621,9,4062,3043,8669,3341,929,43268,89,,,,
2020-04-22,678,404,1908,14,5783,196,2678,345,10094,9,4212,3253,9060,3456,854,45013,90,,,,
2020-04-23,708,418,2181,14,6219,203,2836,367,10724,9,4541,3529,9739,3798,737,48092,94,,,,
2020-04-24,747,425,2697,15,6841,217,3060,396,11681,9,4979,4160,10724,4227,791,50969,99,,,,
2020-04-25,756,425,2829,15,7212,225,3229,412,12253,9,5172,4380,11218,4460,753,53348,101,,,,
2020-04-26,772,428,2923,15,7489,226,3295,427,12648,10,5288,4495,11543,4572,807,54938,105,,,,
2020-04-27,798,428,3068,15,7708,231,3381,443,12953,10,5398,4607,11883,4744,795,56462,110,,,,
2020-04-28,820,430,3270,15,7972,237,3546,509,13417,11,5567,4744,12140,4999,625,58302,115,,,,
2020-04-29,842,440,3429,16,8380,252,3698,531,13799,11,5700,4871,12539,5300,457,60265,121,,,,
2020-04-30,860,442,3580,17,8673,257,3777,546,14208,11,5896,5083,12890,5550,415,62205,123,,,,
2020-05-01,902,444,3792,18,9028,260,3900,518,14607,11,6065,5259,13295,5787,425,64311,126,,,,
2020-05-02,937,448,3916,18,9362,263,4003,549,15048,11,6187,5409,13606,6129,377,66263,128,,,,
2020-05-03,946,451,4019,21,9542,269,4066,559,15370,11,6280,5507,13777,6288,981,68087,131,,,,
2020-05-04,961,453,4103,21,9773,273,4114,563,15757,11,6382,5602,13941,6471,662,69087,134,,,,
2020-05-05,969,457,4235,21,9979,275,4203,575,15980,11,6466,5736,14173,6597,594,70271,138,,,,
2020-05-06,997,461,4380,22,10344,278,4321,580,16327,12,6610,5899,14476,6992,326,72025,143,,,,
2020-05-07,1021,464,4529,22,10610,285,4441,595,16676,11,6729,6081,14732,7197,328,73721,145,,,,
2020-05-08,1038,472,4670,22,10995,289,4522,654,17014,11,6801,6194,14944,7410,297,75333,151,,,,
2020-05-09,1056,472,4847,23,11211,294,4647,659,17307,11,6887,6311,15119,7611,288,76743,160,,,,
2020-05-10,1068,475,4931,23,11353,294,4714,676,17589,12,6952,6382,15279,7743,302,77793,161,,,,
2020-05-11,1075,478,4999,23,11432,296,4763,688,17774,12,7004,6457,15356,7818,287,78462,164,,,,
2020-05-12,1093,485,5125,23,11572,297,4831,702,17953,12,7046,6507,15454,7959,273,79332,168,,,,
2020-05-13,1111,486,5249,23,11703,302,4889,708,18201,12,7129,6592,15587,8241,264,80497,169,,,,
2020-05-14,1119,488,5440,24,11950,302,4974,724,18381,12,7258,6774,15881,8555,300,82182,174,,,,
2020-05-15,1137,491,5590,24,12131,304,5038,738,18683,12,7331,6875,15996,8786,285,83421,178,,,,
2020-05-16,1147,495,5748,25,12314,304,5133,751,18883,12,7412,6987,16346,9067,309,84933,186,,,,
2020-05-17,1150,497,5870,26,12462,308,5205,767,19129,12,7474,7064,16479,9252,315,86010,189,,,,
2020-05-18,1155,497,5996,26,12587,308,5264,774,19345,12,7524,7139,16671,9442,312,87052,190,,,,
2020-05-19,1177,497,6080,26,12748,308,5335,780,19504,12,7565,7198,16825,9582,288,87925,204,,,,
2020-05-20,1197,500,6165,26,12920,309,5418,792,19708,12,7607,7280,16962,9780,294,88970,213,,,,
2020-05-21,1202,509,6286,26,13063,310,5492,806,19930,13,7691,7366,17089,9997,304,90084,232,,,,
2020-05-22,1257,510,6362,26,13221,310,5568,812,20085,13,7724,7424,17180,10101,296,90889,243,,,,
2020-05-23,1264,515,6426,26,13334,312,5621,819,20232,13,7759,7480,17291,10251,319,91662,257,,,,
2020-05-24,1269,520,6596,26,13457,313,5687,830,20437,13,7812,7559,17417,10431,308,92675,274,,,,
2020-05-25,1277,523,6681,26,13575,314,5755,834,20539,13,7844,7594,17480,10505,311,93271,293,,,,
2020-05-26,1280,537,6733,26,13670,315,5796,840,20601,13,7863,7632,17533,10557,297,93693,314,,,,
2020-05-27,1286,539,6779,26,13778,317,5845,843,20706,13,7880,7656,17596,10647,309,94220,324,,,,
2020-05-28,1295,539,6852,26,13899,319,5878,845,20857,13,7919,7724,17698,10713,318,94895,330,,,,
2020-05-29,1303,544,6930,26,13994,319,5942,853,20972,13,7959,7766,17786,10816,289,95512,346,,,,
2020-05-30,1305,544,7089,26,14099,319,5982,855,21124,13,8016,7819,17873,10901,336,96301,354,,,,
2020-05-31,1312,544,7159,27,14225,320,6035,855,21287,13,8079,7859,17936,11018,296,96965,360,,,,
2020-06-01,,,,,,,,,,,,,,,,97291,366,,,,
2020-06-02,,,,,,,,,,,,,,,,97539,374,,,,
2020-06-03,,,,,,,,,,,,,,,,97964,376,,,,
2020-06-04,,,,,,,,,,,,,,,,98376,377,,,,
2020-06-05,,,,,,,,,,,,,,,,98796,381,,,,
2020-06-06,,,,,,,,,,,,,,,,99301,384,,,,
2020-06-07,,,,,,,,,,,,,,,,99562,394,,,,
2020-06-08,,,,,,,,,,,,,,,,99755,399,,,,
2020-06-09,,,,,,,,,,,,,,,,99955,409,,,,
2020-06-10,,,,,,,,,,,,,,,,100158,421,,,,
2020-06-11,,,,,,,,,,,,,,,,100504,429,,,,
2020-06-12,,,,,,,,,,,,,,,,100811,437,,,,
2020-06-13,,,,,,,,,,,,,,,,101070,444,,,,
2020-06-14,,,,,,,,,,,,,,,,101276,449,,,,
2020-06-15,,,,,,,,,,,,,,,,101334,458,,,,
2020-06-16,,,,,,,,,,,,,,,,101474,468,,,,
2020-06-17,,,,,,,,,,,,,,,,101654,488,,,,
2020-06-18,,,,,,,,,,,,,,,,101853,493,,,,
2020-06-19,,,,,,,,,,,,,,,,102005,498,,,,
2020-06-20,,,,,,,,,,,,,,,,102228,502,,,,
2020-06-21,,,,,,,,,,,,,,,,102333,505,,,,
2020-06-22,,,,,,,,,,,,,,,,102469,512,,,,
2020-06-23,,,,,,,,,,,,,,,,102651,516,,,,
2020-06-24,,,,,,,,,,,,,,,,102762,527,,,,
2020-06-25,,,,,,,,,,,,,,,,102922,535,,,,
2020-06-26,,,,,,,,,,,,,,,,103071,541,,,,
2020-06-27,,,,,,,,,,,,,,,,103376,544,,,,
2020-06-28,,,,,,,,,,,,,,,,103539,548,,,,
2020-06-29,,,,,,,,,,,,,,,,103628,557,,,,
2020-06-30,,,,,,,,,,,,,,,,103701,563,,,,
2020-07-01,,,,,,,,,,,,,,,,103858,573,,,,
2020-07-02,,,,,,,,,,,,,,,,104016,583,,,,
2020-07-03,,,,,,,,,,,,,,,,104228,592,,,,
2020-07-04,,,,,,,,,,,,,,,,104391,603,,,,
2020-07-05,,,,,,,,,,,,,,,,104502,616,,,,
2020-07-06,,,,,,,,,,,,,,,,104659,631,,,,
2020-07-07,,,,,,,,,,,,,,,,104799,648,,,,
2020-07-08,,,,,,,,,,,,,,,,104961,666,,,,
2020-07-09,,,,,,,,,,,,,,,,105138,684,,,,
2020-07-10,,,,,,,,,,,,,,,,105290,690,,,,
2020-07-11,,,,,,,,,,,,,,,,105457,706,,,,
2020-07-12,,,,,,,,,,,,,,,,105629,741,,,,
2020-07-13,,,,,,,,,,,,,,,,105783,746,,,,
2020-07-14,,,,,,,,,,,,,,,,105986,764,,,,
2020-07-15,,,,,,,,,,,,,,,,106128,769,,,,
2020-07-16,,,,,,,,,,,,,,,,106271,794,,,,
2020-07-17,,,,,,,,,,,,,,,,106487,798,,,,
2020-07-18,,,,,,,,,,,,,,,,106664,818,,,,
2020-07-19,,,,,,,,,,,,,,,,106882,833,,,,
2020-07-20,,,,,,,,,,,,,,,,107056,863,,,,
2020-07-21,,,,,,,,,,,,,,,,107221,897,,,,
2020-07-22,,,,,,,,,,,,,,,,107413,940,,,,
2020-07-23,,,,,,,,,,,,,,,,107683,964,,,,
2020-07-24,,,,,,,,,,,,,,,,107897,988,,,,
2020-07-25,,,,,,,,,,,,,,,,108107,1029,,,,
2020-07-26,,,,,,,,,,,,,,,,108380,1053,,,,
2020-07-27,,,,,,,,,,,,,,,,108562,1085,,,,
2020-07-28,,,,,,,,,,,,,,,,108740,1117,,,,
2020-07-29,,,,,,,,,,,,,,,,109096,1134,,,,
2020-07-30,,,,,,,,,,,,,,,,109400,1167,,,,
2020-07-31,,,,,,,,,,,,,,,,109787,1172,,,,
2020-08-01,,,,,,,,,,,,,,,,110077,1183,,,,
2020-08-02,,,,,,,,,,,,,,,,110430,1203,,,,
2020-08-03,,,,,,,,,,,,,,,,110595,1218,,,,
2020-08-04,,,,,,,,,,,,,,,,111033,1236,,,,
2020-08-05,,,,,,,,,,,,,,,,111371,1263,,,,
2020-08-06,,,,,,,,,,,,,,,,111533,1287,,,,
2020-08-07,,,,,,,,,,,,,,,,111853,1300,,,,
2020-08-08,,,,,,,,,,,,,,,,112173,1316,,,,
2020-08-09,,,,,,,,,,,,,,,,112459,1324,,,,
2020-08-10,,,,,,,,,,,,,,,,112673,1347,,,,
2020-08-11,,,,,,,,,,,,,,,,112969,1355,,,,
2020-08-12,,,,,,,,,,,,,,,,113198,1372,,,,
2020-08-13,,,,,,,,,,,,,,,,113517,1389,,,,
2020-08-14,,,,,,,,,,,,,,,,113729,1413,,,,
2020-08-15,,,,,,,,,,,,,,,,114095,1415,,,,
2020-08-16,,,,,,,,,,,,,,,,114398,1429,,,,
2020-08-17,,,,,,,,,,,,,,,,114611,1445,,,,
2020-08-18,1579,632,8864,50,17435,375,7482,1107,24538,34,9293,8881,21393,13107,278,114786,1445,,,,
2020-08-19,1579,632,8864,50,17435,375,7482,1107,24538,34,9293,8881,21393,13107,278,115048,1468,,,,
2020-08-20,1582,633,8879,51,17487,377,7505,1110,24596,34,9311,8889,21459,13131,266,115310,1485,,,,
2020-08-21,1584,634,8915,51,17550,380,7517,1116,24671,34,9340,8912,21576,13182,279,115741,1501,,,,
2020-08-22,1583,633,8919,51,17574,380,7521,1116,24698,35,9342,8915,21588,13196,299,115850,1520,,,,
2020-08-23,1584,637,8937,51,17614,380,7530,1123,24749,36,9362,8935,21687,13213,298,116136,1535,,,,
2020-08-24,1585,641,8954,51,17654,381,7538,1130,24800,36,9382,8955,21786,13230,298,116421,1553,,,,
2020-08-25,1591,645,8972,54,17707,382,7555,1135,24890,38,9406,8975,21855,13257,308,116770,1577,,,,
2020-08-26,1594,648,8993,54,17772,385,7569,1139,24938,38,9419,8989,21946,13292,309,117085,1608,,,,
2020-08-27,1598,651,9022,54,17824,387,7591,1144,25019,38,9439,9007,22036,13319,321,117450,1611,,,,
2020-08-28,1605,655,9050,56,17900,387,7617,1153,25105,39,9467,9037,22143,13348,326,117888,1638,,,,
2020-08-29,1610,660,9095,56,17952,389,7634,1162,25204,41,9495,9069,22232,13384,326,118309,1658,,,,
2020-08-30,1619,661,9108,56,17979,389,7638,1165,25237,41,9503,9084,22285,13395,323,118483,1675,,,,
2020-08-31,1624,662,9141,56,18007,391,7664,1167,25307,41,9530,9097,22354,13417,326,118784,1679,,,,
2020-09-01,1630,665,9175,56,18056,392,7680,1173,25374,42,9547,9118,22434,13458,338,119138,1697,,,,
2020-09-02,1635,665,9211,56,18125,392,7686,1176,25411,42,9569,9135,22508,13483,332,119426,1705,,,,
2020-09-03,1645,669,9252,56,18186,392,7698,1180,25495,43,9597,9153,22593,13522,338,119819,1727,,,,
2020-09-04,1654,669,9296,56,18249,394,7718,1183,25558,42,9620,9174,22529,13551,345,120038,1720,,,,
2020-09-05,1657,672,9340,56,18316,396,7739,1186,25629,43,9654,9198,22623,13592,353,120454,1742,,,,
2020-09-06,1661,670,9365,56,18382,396,7762,1188,25712,43,9679,9227,22697,13627,359,120824,1738,,,,
2020-09-07,1663,672,9393,56,18398,396,7774,1189,25752,45,9700,9235,22756,13654,363,121046,1745,,,,
2020-09-08,1662,672,9409,57,18431,396,7789,1191,25792,46,9704,9242,22788,13666,369,121214,1748,,,,
2020-09-09,1663,676,9418,58,18454,396,7793,1191,25847,46,9716,9257,22831,13678,372,121396,1747,,,,
2020-09-10,1667,677,9448,58,18508,396,7817,1193,25931,53,9745,9277,22920,13716,353,121759,1787,,,,
2020-09-11,1667,679,9478,59,18580,396,7834,1194,26021,58,9780,9318,23028,13766,344,122202,1784,,,,
2020-09-12,1676,681,9504,60,18643,396,7846,1196,26138,62,9809,9354,23130,13807,335,122637,1903,,,,
2020-09-13,1682,683,9525,60,18679,396,7857,1196,26182,69,9832,9367,23194,13842,340,122904,1922,,,,
2020-09-14,1683,685,9543,60,18703,396,7868,1196,26246,72,9845,9389,23236,13877,340,123139,1941,,,,
2020-09-15,1687,687,9565,60,18746,397,7885,1198,26304,74,9864,9407,23306,13902,343,123425,1968,,,,
2020-09-16,1690,690,9599,60,18770,397,7902,1199,26383,79,9889,9431,23371,13927,333,123720,1979,,,,
2020-09-17,1693,692,9657,60,18815,398,7933,1200,26469,82,9932,9452,23464,13969,323,124139,1989,,,,
2020-09-18,1697,702,9700,61,18872,401,7947,1203,26545,85,9980,9487,23552,14007,331,124570,2012,,,,
2020-09-19,1705,701,9746,62,19022,403,7966,1205,26644,88,10015,9516,23674,14050,342,125139,2042,,,,
2020-09-20,1706,701,9788,62,19074,403,7986,1206,26732,88,10044,9533,23741,14079,336,125479,2061,,,,
2020-09-21,1713,702,9811,62,19086,403,8011,1206,26784,88,10065,9540,23798,14114,340,125723,2073,,,,
2020-09-22,1714,704,9826,62,19120,404,8025,1205,26820,88,10080,9551,23822,14119,326,125866,2103,,,,
2020-09-23,1722,706,9858,63,19305,404,8075,1208,26943,88,10107,9567,23891,14159,312,126408,2104,,,,
2020-09-24,1728,705,9895,63,19422,405,8098,1211,27014,88,10142,9592,23988,14218,294,126863,2130,,,,
2020-09-25,1736,707,9926,63,19525,406,8117,1214,27103,91,10170,9621,24089,14252,297,127317,2164,,,,
2020-09-26,1750,707,9981,63,19637,408,8147,1222,27201,94,10212,9639,24177,14301,293,127832,2218,,,,
2020-09-27,1757,711,10018,63,19765,410,8199,1226,27340,94,10247,9671,24281,14344,300,128426,2216,,,,
2020-09-28,1766,713,10050,63,19819,410,8240,1230,27392,104,10271,9699,24360,14375,301,128793,2279,,,,
2020-09-29,1779,717,10074,64,19921,411,8254,1235,27507,105,10308,9726,24426,14417,299,129243,2341,,,,
2020-09-30,1786,716,10114,64,20031,412,8283,1251,27624,104,10338,9777,24479,14471,303,129753,2363,,,,
2020-10-01,1799,716,10161,64,20156,412,8339,1273,27779,115,10384,9807,24622,14528,306,130461,2409,,,,
2020-10-02,1807,718,10226,66,20257,413,8403,1298,27961,119,10430,9852,24764,14598,302,131214,2417,,,,
2020-10-03,1818,718,10269,66,20370,415,8435,1316,28101,124,10481,9904,24871,14637,289,131814,2489,,,,
2020-10-04,1824,723,10311,67,20465,421,8493,1324,28243,124,10533,9936,24987,14688,301,132440,2507,,,,
2020-10-05,1827,725,10340,67,20617,421,8533,1327,28308,124,10558,9959,25052,14740,307,132905,2557,,,,
2020-10-06,1832,725,10386,67,20672,420,8574,1333,28392,124,10608,10007,25117,14791,311,133359,2598,,,,
2020-10-07,1837,726,10423,67,20768,422,8611,1341,28533,125,10632,10024,25200,14864,295,133868,2624,,,,
2020-10-08,1849,726,10452,68,20835,424,8621,1345,28638,126,10666,10058,25273,14905,291,134277,2659,,,,
2020-10-09,1855,729,10511,68,20945,424,8681,1349,28796,129,10739,10130,25382,14982,291,135011,2690,,,,
2020-10-10,1858,730,10555,69,21078,425,8716,1352,28917,129,10792,10172,25497,15022,286,135598,2742,,,,
2020-10-11,1863,730,10599,69,21193,426,8754,1356,29055,131,10824,10218,25562,15090,298,136168,2735,,,,
2020-10-12,1876,730,10670,70,21296,426,8818,1359,29225,131,10880,10324,25702,15141,285,136933,2730,,,,
2020-10-13,1878,732,10739,70,21380,426,8854,1364,29358,131,10942,10380,25824,15189,298,137565,2847,,,,
2020-10-14,1877,733,10777,70,21516,426,8894,1374,29460,131,10975,10424,25896,15238,292,138083,2909,,,,
2020-10-15,1882,735,10828,70,21619,426,8921,1376,29587,132,11008,10486,26012,15280,289,138651,2928,,,,
2020-10-16,1888,735,10864,70,21736,432,8971,1386,29728,132,11050,10540,26160,15357,304,139353,2993,,,,
2020-10-17,1888,736,10919,71,21865,434,9014,1389,29845,133,11085,10573,26250,15412,289,139903,3027,,,,
2020-10-18,1896,736,10985,71,22035,437,9074,1400,29986,133,11128,10619,26383,15475,289,140647,3013,,,,
2020-10-19,1898,740,11046,71,22192,438,9125,1401,30182,133,11176,10693,26546,15544,289,141474,3014,,,,
2020-10-20,1902,742,11126,71,22315,441,9171,1412,30367,137,11238,10786,26663,15622,302,142295,3169,,,,
2020-10-21,1911,742,11170,71,22446,445,9219,1420,30502,137,11274,10824,26787,15681,312,142941,3225,,,,
2020-10-22,1922,744,11334,71,22596,456,9305,1430,30656,138,11336,10895,26954,15778,312,143927,3288,,,,
2020-10-23,1929,747,11451,73,22739,456,9379,1435,30831,140,11397,10975,27180,15860,303,144895,3390,,,,
2020-10-24,1933,751,11568,73,22939,460,9501,1441,31032,145,11469,11067,27346,15977,321,146023,3465,,,,
2020-10-25,1944,761,11718,73,23175,461,9548,1449,31257,145,11530,11123,27571,16064,301,147120,3445,,,,
2020-10-26,1968,765,11878,75,23296,467,9723,1458,31401,154,11591,11217,27823,16210,310,148336,3441,,,,
2020-10-27,1992,774,11986,76,23418,472,9800,1465,31594,154,11676,11294,27992,16349,319,149361,3676,,,,
2020-10-28,1999,780,12167,78,23642,472,9901,1472,31808,163,11733,11350,28152,16471,310,150498,3720,,,,
2020-10-29,2004,781,12338,80,23861,478,10016,1484,32015,164,11814,11423,28400,16580,303,151741,3823,,,,
2020-10-30,2020,783,12533,85,24089,479,10151,1503,32295,168,11891,11486,28660,16765,321,153229,3917,,,,
2020-10-31,2029,784,12708,89,24319,479,10254,1509,32557,169,11991,11563,28851,16894,325,154521,4055,,,,
2020-11-01,2051,789,12812,90,24500,483,10359,1520,32781,172,12089,11631,29031,17017,335,155660,4047,,,,
2020-11-02,2060,803,12917,90,24612,487,10425,1521,32907,172,12138,11681,29166,17077,329,156385,4164,,,,
2020-11-03,2065,808,13010,92,24724,487,10523,1537,33119,174,12222,11747,29269,17201,330,157308,4277,,,,
2020-11-04,2078,814,13239,94,25065,490,10651,1559,33452,178,12291,11831,29474,17348,373,158937,4362,,,,
2020-11-05,2089,818,13440,97,25365,495,10812,1580,33774,186,12394,11929,29726,17652,341,160698,4463,,,,
2020-11-06,2111,829,13657,98,25741,500,11007,1604,34142,191,12538,12022,30062,17873,361,162736,4538,,,,
2020-11-07,2123,838,13876,112,26137,504,11188,1638,34586,194,12697,12131,30359,18171,382,164936,4640,,,,
2020-11-08,2139,845,14065,119,26490,507,11356,1659,34979,202,12795,12195,30677,18334,383,166745,4654,,,,
2020-11-09,2150,861,14171,122,26621,513,11560,1674,35177,202,12885,12258,30857,18474,404,167929,4798,,,,
2020-11-10,2180,903,14463,125,26889,517,11727,1693,35516,212,13055,12372,31158,18744,422,169976,4905,,,,
2020-11-11,2202,953,14827,141,27231,521,11963,1730,36023,218,13199,12492,31454,19095,422,172471,5070,,,,
2020-11-12,2210,982,15073,154,27678,528,12149,1761,36551,221,13351,12616,31791,19468,420,174953,5236,,,,
2020-11-13,2243,1001,15394,159,28045,536,12462,1815,37113,230,13523,12703,32188,19781,434,177627,5468,,,,
2020-11-14,2266,1021,15723,166,28583,545,12732,1850,37652,242,13668,12827,32561,20166,466,180468,5674,,,,
2020-11-15,2287,1027,15919,176,28965,550,12923,1874,38246,250,13802,12900,32792,20375,458,182544,5731,,,,
2020-11-16,2305,1072,16146,181,29209,554,13101,1895,38643,252,13917,13031,33106,20630,469,184511,5928,,,,
2020-11-17,2374,1101,16397,194,29558,555,13318,1918,39117,252,14064,13146,33366,20911,503,186774,6190,,,,
2020-11-18,2426,1151,16791,203,29983,562,13557,1979,39666,262,14223,13260,33695,21240,520,189518,6350,,,,
2020-11-19,2456,1182,17128,213,30381,565,13701,2010,40230,262,14380,13386,33994,21632,530,192050,6500,,,,
2020-11-20,2488,1201,17337,224,30674,571,13929,2037,40680,262,14569,13505,34270,22038,553,194338,6611,,,,
2020-11-21,2626,1245,17718,229,31122,579,14167,2074,41384,267,14766,13617,34584,22415,536,197329,6826,,,,
2020-11-22,2660,1260,18018,235,31725,588,14404,2105,42019,273,14911,13746,34870,22670,566,200050,6800,,,,
2020-11-23,2691,1277,18227,245,32012,592,14582,2119,42437,274,15006,13832,35124,22865,552,201835,6788,,,,
2020-11-24,2761,1359,18411,249,32308,599,14871,2150,42863,275,15194,13948,35362,23144,566,204060,7139,,,,
2020-11-25,2829,1423,18752,253,32897,605,15169,2185,43538,275,15391,14083,35687,23608,589,207284,7310,,,,
2020-11-26,2864,1444,19002,260,33280,612,15329,2208,44058,279,15542,14226,35982,23832,598,209516,7407,,,,
2020-11-27,2900,1466,19253,267,33663,619,15490,2231,44577,283,15693,14369,36276,24055,606,211748,7504,,,,
2020-11-28,2977,1531,19551,268,34124,630,15775,2269,45363,293,15833,14495,36516,24404,633,214662,7807,,,,
2020-11-29,3020,1600,19721,270,34607,639,15985,2304,45972,300,16047,14588,36836,24626,648,217163,7801,,,,
2020-11-30,3047,1602,19804,273,34835,645,16143,2322,46230,300,16120,14686,36959,24752,611,218329,7803,,,,
2020-12-01,3129,1645,20021,279,35205,658,16457,2345,46743,309,16359,14890,37318,25146,670,221174,8031,,,,
2020-12-02,3204,1728,20551,286,36106,676,16735,2390,47671,319,16695,15150,37821,25806,649,225787,8445,,,,
2020-12-03,3289,1780,21368,291,37476,699,17163,2450,48896,351,17069,15545,38648,26552,687,232264,8643,,,,
2020-12-04,3372,1803,21819,295,38467,716,17551,2492,50108,381,17480,15788,39360,27135,689,237456,8942,,,,
2020-12-05,3429,1903,22310,309,39369,739,17982,2536,51310,420,17817,16142,40045,27814,687,242812,9205,,,,
2020-12-06,3477,1954,22719,310,40305,756,18325,2567,52345,441,18180,16383,40646,28452,699,247559,9285,,,,
2020-12-07,3514,1969,22997,315,40666,777,18488,2597,52839,441,18383,16564,40982,28755,735,250022,9303,,,,
2020-12-08,3554,2025,23273,322,41158,798,18917,2650,53518,453,18740,16840,41487,29179,735,253649,9798,,,,
2020-12-09,3671,2076,24157,336,42222,840,19242,2701,54680,480,19114,17150,42036,29875,744,259324,10088,,,,
2020-12-10,3739,2158,24598,346,43110,857,19605,2774,55765,494,19500,17550,42667,30516,775,264454,10327,,,,
2020-12-11,3821,2198,25281,358,44163,895,19931,2829,56850,521,19866,17857,43396,31192,771,269929,10507,,,,
2020-12-12,3885,2228,25768,369,45050,934,20240,2892,57947,544,20206,18164,43986,31896,788,274897,10828,,,,
2020-12-13,3950,2252,26154,376,45853,959,20517,2935,59078,580,20587,18449,44631,32452,801,279574,11004,,,,
2020-12-14,3998,2266,26431,380,46390,988,20801,2966,59835,592,20909,18723,45188,32869,810,283146,11085,,,,
2020-12-15,4086,2296,26890,400,46814,1017,21106,2992,60621,593,21280,19024,45642,33287,818,286866,11294,,,,
2020-12-16,4178,2330,27551,403,47846,1030,21402,3038,61640,622,21684,19430,46365,33974,823,292316,11796,,,,
2020-12-17,4240,2360,28002,412,48769,1075,21772,3090,62721,638,22015,19731,47013,34619,844,297301,11946,,,,
2020-12-18,4324,2379,28515,412,49616,1094,22232,3148,63998,647,22536,20152,47701,35313,866,302933,11993,,,,
2020-12-19,4455,2404,29078,418,50163,1112,22425,3185,64782,647,22910,20493,48181,35805,870,306928,12342,,,,
2020-12-20,4519,2445,29428,424,50902,1129,22776,3228,65653,661,23219,20729,48654,36429,894,311090,12441,,,,
2020-12-21,4581,2482,29874,431,51523,1133,23066,3267,66506,668,23496,21019,49082,36764,958,314850,12524,,,,
2020-12-22,4644,2513,30117,434,51880,1150,23372,3323,67233,669,23862,21267,49518,37255,906,318143,13031,,,,
2020-12-23,4697,2546,30567,435,52699,1153,23707,3366,68154,683,24200,21567,50032,37915,931,322652,13336,,,,
2020-12-24,4805,2604,31131,448,53682,1179,24198,3431,69259,692,24655,22034,50653,38594,942,328307,13618,,,,
2020-12-25,4906,2632,31594,451,54106,1190,24432,3478,70004,698,24988,22272,51158,39149,961,332019,13744,,,,
2020-12-26,5008,2660,32058,454,54530,1201,24666,3524,70748,703,25321,22511,51663,39704,980,335731,13871,,,,
2020-12-27,5066,2677,32340,459,54879,1214,24866,3579,71348,704,25608,22762,52079,40136,987,338704,14032,,,,
2020-12-28,5117,2733,32842,465,55755,1222,25096,3616,72124,711,25966,23105,52598,40418,996,342764,14170,,,,
2020-12-29,5181,2787,33272,467,56247,1237,25344,3662,72973,713,26295,23392,53046,40795,1012,346423,14656,,,,
2020-12-30,5237,2845,33906,470,57353,1256,25780,3742,74298,731,26754,23808,53695,41640,1043,352558,15360,,,,
2020-12-31,5396,2907,34655,483,58429,1278,26282,3832,75615,748,27296,24296,54556,42595,1077,359445,15733,,,,
2021-01-01,5506,2944,35188,494,58916,1294,26584,3886,76419,758,27674,24644,55066,43236,1107,363716,15964,,,,
2021-01-02,5617,2982,35721,505,59403,1310,26886,3940,77222,768,28052,24993,55575,43877,1136,367987,16194,,,,
2021-01-03,5708,3020,36074,516,59763,1318,27058,3988,77821,769,28388,25280,55925,44297,1172,371097,16565,,,,
2021-01-04,5750,3082,36502,519,60624,1327,27403,4043,78663,809,28745,25666,56431,44733,1158,375455,17113,,,,
2021-01-05,5818,3174,36957,526,61162,1338,27844,4111,79505,809,29149,26021,56911,45139,1169,379633,17569,,,,
2021-01-06,5881,3260,37701,549,62272,1356,28209,4198,80812,830,29618,26426,57742,46013,1185,386052,18001,,,,
2021-01-07,5973,3338,38419,558,63337,1382,28830,4292,82238,876,30158,26952,58671,46993,1171,393188,18413,,,,
2021-01-08,6143,3414,39255,565,64512,1418,29368,4393,83698,903,30818,27624,59640,47879,1193,400823,18898,,,,
2021-01-09,6258,3500,40134,588,65536,1438,29876,4489,85112,920,31347,28182,60502,48848,1203,407933,19202,,,,
2021-01-10,6454,3543,40820,606,66326,1458,30270,4553,86020,933,31860,28588,61178,49482,1238,413329,19462,,,,
2021-01-11,6569,3614,41297,609,66977,1472,30559,4600,86826,940,32299,28975,61722,49880,1229,417568,19474,,,,
2021-01-12,6685,3681,41898,615,67475,1490,31035,4665,87864,940,32853,29435,62241,50348,1249,422474,20055,,,,
2021-01-13,6816,3733,42507,624,68261,1510,31393,4749,88898,952,33262,29858,62816,51038,1335,427752,20695,,,,
2021-01-14,6930,3807,43148,632,69090,1526,31798,4825,89999,957,33739,30354,63472,51725,1295,433297,21105,,,,
2021-01-15,7040,3859,43643,641,69855,1550,32211,4887,90918,967,34206,30799,64158,52317,1320,438371,21556,,,,
2021-01-16,7204,3937,44238,649,70581,1580,32627,4952,91946,981,34744,31347,64867,53053,1322,444028,21698,,,,
2021-01-17,7315,3969,44697,665,71251,1589,32936,4996,92781,990,35130,31740,65398,53526,1328,448311,21829,,,,
2021-01-18,7412,4028,45112,672,71592,1600,33234,5040,93414,990,35450,31999,65804,53842,1346,451535,21906,,,,
2021-01-19,7499,4081,45439,676,71834,1615,33547,5081,93861,990,35740,32246,66066,54092,1335,454102,22424,,,,
2021-01-20,7590,4123,45847,683,72391,1637,33910,5139,94631,1005,36130,32626,66466,54502,1409,458089,22951,,,,
2021-01-21,7783,4161,46345,706,73092,1651,34256,5175,95512,1013,36599,32974,67004,55257,1382,462910,23270,,,,
2021-01-22,7910,4223,46937,718,73746,1666,34537,5255,96331,1027,37117,33371,67729,55842,1436,467845,23607,,,,
2021-01-23,8029,4270,47399,729,74259,1685,34965,5312,97177,1033,37574,33711,68226,56395,1411,472175,23918,,,,
2021-01-24,8136,4299,47838,731,74753,1693,35170,5349,97870,1041,37970,34003,68799,56824,1449,475925,24112,,,,
2021-01-25,8244,4343,48196,731,75162,1701,35489,5385,98482,1048,38422,34365,69263,57139,1432,479402,24286,,,,
2021-01-26,8303,4363,48475,734,75335,1709,35812,5408,98828,1049,38697,34562,69480,57421,1441,481617,24566,,,,
2021-01-27,8374,4394,48775,743,75810,1719,35926,5435,99560,1062,38987,34797,69882,57742,1433,484639,24864,,,,
2021-01-28,8494,4409,49218,753,76259,1742,36386,5496,100273,1064,39481,35182,70398,58264,1442,488861,25273,,,,
2021-01-29,8576,4453,49541,771,76579,1756,36612,5534,100774,1072,39712,35475,70712,58626,1449,491642,25610,,,,
2021-01-30,8650,4486,49986,773,77085,1769,36953,5607,101488,1081,40104,35779,71259,59126,1453,495599,25761,,,,
2021-01-31,8703,4501,50261,775,77363,1780,37186,5654,101919,1082,40400,35999,71597,59449,1476,498145,25880,,,,
2021-02-01,8739,4533,50500,777,77656,1787,37397,5722,102399,1086,40650,36207,71869,59614,1479,500415,26008,,,,
2021-02-02,8770,4551,50785,792,77815,1792,37640,5760,102781,1087,40873,36383,72062,59838,1449,502378,26284,,,,
2021-02-03,8920,4569,51164,792,78059,1797,37731,5791,103162,1089,41091,36608,72287,60056,1448,504564,26553,,,,
2021-02-04,9010,4584,51511,795,78344,1808,37911,5905,103581,1095,41322,36871,72628,60354,1447,507166,26755,,,,
2021-02-05,9103,4608,51859,798,78729,1822,38147,6020,104142,1100,41587,37111,73016,60634,1472,510148,27060,,,,
2021-02-06,9219,4619,52258,802,79118,1832,38388,6173,104730,1103,41877,37383,73393,61181,1450,513526,27301,,,,
2021-02-07,9302,4639,52545,806,79511,1844,38640,6277,105266,1107,42181,37604,73788,61554,1466,516530,27404,,,,
2021-02-08,9339,4650,52679,810,79678,1849,38761,6324,105526,1115,42286,37721,73952,61654,1462,517806,27497,,,,
2021-02-09,9363,4660,52832,811,79820,1854,38960,6362,105754,1117,42430,37823,74098,61787,1454,519125,27771,,,,
2021-02-10,9408,4675,53011,818,80057,1865,39102,6447,106111,1124,42600,37957,74329,62062,1479,521045,27901,,,,
2021-02-11,9459,4689,53243,826,80361,1879,39264,6531,106482,1128,42808,38145,74668,62315,1460,523258,28138,,,,
2021-02-12,9499,4708,53468,828,80676,1890,39446,6586,106911,1131,43037,38316,74944,62562,1484,525486,28326,,,,
2021-02-13,9550,4711,53678,830,80899,1899,39583,6645,107316,1136,43239,38473,75190,62814,1472,527435,28460,,,,
2021-02-14,9600,4730,53868,830,81114,1909,39752,6751,107656,1137,43401,38621,75435,62980,1471,529255,28522,,,,
2021-02-15,9632,4738,54019,834,81297,1914,39853,6790,107996,1138,43542,38743,75637,63128,1474,530735,28615,,,,
2021-02-16,9644,4746,54112,836,81390,1918,40003,6812,108172,1138,43639,38832,75743,63240,1477,531702,28874,,,,
2021-02-17,9665,4762,54252,836,81593,1923,40130,6891,108411,1140,43771,38939,75876,63354,1481,533024,28912,,,,
2021-02-18,9697,4769,54426,843,81841,1927,40265,6939,108759,1144,43929,39083,76135,63588,1482,534827,29149,,,,
2021-02-19,9736,4784,54555,847,82069,1936,40458,7003,109093,1146,44062,39211,76367,63755,1484,536506,29288,,,,
2021-02-20,9763,4794,54720,849,82291,1946,40640,7065,109457,1150,44228,39341,76620,63980,1484,538328,29436,,,,
2021-02-21,9808,4806,54825,849,82488,1953,40740,7104,109679,1150,44360,39453,76787,64147,1495,539644,29640,,,,
2021-02-22,9838,4814,54947,850,82647,1955,40859,7117,109891,1152,44487,39545,76944,64253,1495,540794,29752,,,,
2021-02-23,9863,4819,55080,849,82754,1957,40997,7141,110116,1152,44621,39624,77071,64378,1486,541908,29875,,,,
2021-02-24,9911,4835,55202,858,83017,1959,41125,7202,110488,1152,44799,39735,77316,64613,1484,543696,30189,,,,
2021-02-25,9955,4844,55356,858,83245,1966,41301,7254,110899,1153,44977,39922,77569,64839,1486,545624,30369,,,,
2021-02-26,10011,4850,55481,858,83447,1969,41472,7299,111231,1156,45176,40067,77831,65023,1487,547358,30622,,,,
2021-02-27,10048,4859,55604,860,83624,1972,41608,7339,111505,1160,45344,40182,78064,65217,1488,548874,30806,,,,
2021-02-28,10088,4867,55734,862,83792,1978,41742,7395,111798,1161,45485,40274,78277,65363,1486,550302,30846,,,,
2021-03-01,10129,4878,55824,863,83912,1983,41866,7424,112066,1161,45602,40366,78485,65498,1493,551550,30993,,,,
2021-03-02,10133,4870,55828,864,83903,1981,41941,7407,112050,1160,45641,40415,78468,65522,1484,551667,31177,,,,
2021-03-03,10167,4875,55934,871,84083,1988,42105,7459,112361,1168,45784,40495,78705,65741,1484,553220,31523,,,,
2021-03-04,10208,4883,56045,871,84220,1996,42209,7525,112643,1170,45914,40600,78922,65967,1457,554630,31680,,,,
2021-03-05,10256,4893,56172,872,84395,2005,42375,7574,112945,1177,46068,40758,79200,66154,1463,556307,31902,,,,
2021-03-06,10297,4895,56305,875,84604,2013,42500,7603,113262,1178,46205,40861,79420,66328,1456,557802,32129,,,,
2021-03-07,10329,4901,56404,875,84740,2016,42626,7645,113553,1182,46319,40952,79597,66482,1462,559083,32273,,,,
2021-03-08,10360,4907,56481,877,84840,2024,42697,7662,113766,1181,46398,41010,79724,66592,1456,559975,32369,,,,
2021-03-09,10393,4915,56575,877,84932,2025,42829,7685,113972,1181,46497,41091,79835,66714,1460,560981,32626,,,,
2021-03-10,10452,4921,56686,879,85100,2036,42911,7715,114299,1187,46641,41187,80026,66895,1459,562394,32870,,,,
